sNo,state,district,block,cbboName,fpoName,registrationNo,registrationAct,dateOfIncorporation
1815,Maharashtra,Ahmednagar,Akole,Environment Conservation Society (ECS),Samruddha Adivasi Agro Farmers Producer Company Limited,U01110PN2021 PTC201799,Company Act,16-Jun-21
1816,Maharashtra,Ahmednagar,Kopargaon,Environment Conservation Society (ECS),Dhotre Hitech Agro Producer Company Limited,U01100PN2021 PTC201973,Company Act,22-Jun-21
1817,Maharashtra,Ahmednagar,Nevasa,Environment Conservation Society (ECS),Samratashoka Agrotech Producer Company Limited,U01100PN2021 PTC201945,Company Act,22-Jun-21
1818,Maharashtra,Ahmednagar,Rahuri,Environment Conservation Society (ECS),Bramhani Agromind Farmer Producer Company Limited,U01100PN2021 PTC201807,Company Act,16-Jun-21
1819,Maharashtra,Ahmednagar,Shevgaon,Environment Conservation Society (ECS),Shevgaon Agro Producer Company Limited,U01100PN2021 PTC201862,Company Act,17-Jun-21
1820,Maharashtra,Ahmednagar,Shrirampur,Krushi Vikas Gramin Prashikshan Sanstha,Sai Shrirampur Krushi Vikas Farmer Producer Company Limited,U01100PN2021 PTC200840,Company Act,7-May-21
1821,Maharashtra,Akola,Akola - MH,Environment Conservation Society (ECS),Adira Farmer Producer Company Limited,U01100PN2021 PTC201231,Company Act,22-May-21
1822,Maharashtra,Akola,Akot,Environment Conservation Society (ECS),Amruttirth Farmer Producer Company Limited,U01100MH2021 PTC360990,Company Act,25-May-21
1823,Maharashtra,Amravati,Achalpur,Environment Conservation Society (ECS),Ellichpura Satpuda Farmer Producer Company Limited,U01100MH2021 PTC360444,Company Act,15-May-21
1824,Maharashtra,Amravati,Amravati,Dvara Trust,Mahatma Phule Krish-E Farmer Producer Company Limited,U01100MH2021 PTC356323,Company Act,4-Mar-21
1825,Maharashtra,Amravati,Anjangaon Surji,Dvara Trust,Lok Unnati Krish-E Farmer Producer Company Limited,U01100MH2021 PTC356708,Company Act,10-Mar-21
1826,Maharashtra,Amravati,Chandurbazar,Environment Conservation Society (ECS),Dattapurna Krishi Farmer Producer Company Limited,U01100MH2021 PTC361106,Company Act,27-May-21
1827,Maharashtra,Amravati,Chandur Railway,Dvara Trust,Samruddha Krish-E Farmer Producer Company Limited,U01100MH2021 PTC355886,Company Act,25-Feb-21
1828,Maharashtra,Amravati,Daryapur,Dvara Trust,Lok Jagruti Krish-E Farmer Producer Company Limited,U01110MH2021 PTC356486,Company Act,6-Mar-21
1829,Maharashtra,Amravati,Bhatkuli,Dvara Trust,Purnamaai Lok Uddhar Krish- E Producer Company Limiter,U01100MH2021 PTC356074,Company Act,2-Mar-21
1830,Maharashtra,Bhandara,Bhandara,LTC Commercial Company Pvt. Ltd.,Nagzira Farmer Producer Company Limited,U01400MH2021 PTC362226,Company Act,16-Jun-21
1831,Maharashtra,Bhandara,Lakhani,LTC Commercial Company Pvt. Ltd.,Veg Grow Bhandara Farmer Producer Company Limited,U01110MH2021 PTC362384,Company Act,18-Jun-21
1832,Maharashtra,Buldhana,Chikhli,Krushi Vikas Gramin Prashikshan Sanstha,Sumangal Krushi Vikas Farmer Producer Company Limited,U01100MH2021 PTC358276,Company Act,5-Apr-21
1833,Maharashtra,Buldhana,Malkapur,Krushi Vikas Gramin Prashikshan Sanstha,Malkapur Taluka Krushi Vikas Farmer Producer Company Limited,U01100MH2021 PTC358220,Company Act,1-Apr-21
1834,Maharashtra,Buldhana,Motala,Krushi Vikas Gramin Prashikshan Sanstha,Gaurai Krushi Vikas Farmer Producer Company Limited,U01100MH2021 PTC359398,Company Act,22-Apr-21
1835,Maharashtra,Buldhana,Buldhana,Krushi Vikas Gramin Prashikshan Sanstha,Buldana Krushi Vikas Farmer Producer Company Limited,U01100MH2021 PTC358901,Company Act,14-Apr-21
1836,Maharashtra,Buldhana,Nandura,Krushi Vikas Gramin Prashikshan Sanstha,Nandura Krushi Vikas Farmer Producer Company Limited,U01100MH2021 PTC358902,Company Act,14-Apr-21
1837,Maharashtra,Chandrapur,Chandrapur - MH,Vikasganga Samajsevi Sanstha,Andhari Vyaghra Farmer Producer Company Limited,U01100MH2021 PTC365203,Company Act,4-Aug-21
1838,Maharashtra,Chandrapur,Mul,Vikasganga Samajsevi Sanstha,Mansun Farmer Producer Company Limited,U01100MH2021 PTC366051,Company Act,18-Aug-21
1839,Maharashtra,Dhule,Shindkhede,"Agriculture Development Trust, Baramati, Pune",Bandevi Farmer Producer Company Limited,U01409MH2021 PTC360675,Company Act,19-May-21
1840,Maharashtra,Gadchiroli,Aheri,LTC Commercial Company Pvt. Ltd.,Navakrushi Aheri Farmer Producer Company Limited,U01110MH2021 PTC358323,Company Act,5-Apr-21
1841,Maharashtra,Gadchiroli,Gadchiroli,LTC Commercial Company Pvt. Ltd.,Jhadipatti Farmer Producer Company Limited,U01409MH2021 PTC358510,Company Act,7-Apr-21
1842,Maharashtra,Gadchiroli,Korchi,LTC Commercial Company Pvt. Ltd.,Korchi Vandna Agro Producer Company Limited,U01100MH2021 PTC358083,Company Act,13-Mar-21
1843,Maharashtra,Gadchiroli,Mulchera,LTC Commercial Company Pvt. Ltd.,Krushivaibhav Nandanvan Farmer Producer Company Limited,U01100MH2021 PTC358455,Company Act,7-Apr-21
1844,Maharashtra,Hingoli,Aundha,Vikasganga Samajsevi Sanstha,Krushivishva Farmer Producer Company Limited,U01100MH2021 PTC369062,Company Act,8-Oct-21
1845,Maharashtra,Hingoli,Basmath,Vikasganga Samajsevi Sanstha,Anapurna Natural Farmers Producer Company Limited,U01119MH2021 PTC373372,Company Act,15-Dec-21
1846,Maharashtra,Hingoli,Hingoli,Vikasganga Samajsevi Sanstha,Prajashakti Farmer Producer Company Limited,U01100MH2021 PTC367235,Company Act,9-Sep-21
1847,Maharashtra,Jalgaon,Bhusawal,Krushi Vikas Gramin Prashikshan Sanstha,Jai Matrubhumi Krushi Vikas Farmer Producer Company Limited,U01100MH2021 PTC359399,Company Act,22-Apr-21
1848,Maharashtra,Jalgaon,Muktainagar,Krushi Vikas Gramin Prashikshan Sanstha,Saiguru Krushi Vikas Farmer Producer Company Limited,U01100MH2021 PTC358682,Company Act,12-Apr-21
1849,Maharashtra,Jalna,Jalna,Dr. Hedgewar Seva Samiti,Agroliv Farmtech Producer Company Limited,U01100MH2021 PTC357821,Company Act,24-Mar-21
1850,Maharashtra,Kolhapur,Ajra,"Agriculture Development Trust, Baramati, Pune",Naturenest Farmer Producer Company Limited,U01100PN2021 PTC200151,Company Act,28-Apr-21
1851,Maharashtra,Kolhapur,Chandgad,"Agriculture Development Trust, Baramati, Pune",Sujey Agro Producer Company Limited,U01110PN2021 PTC200164,Company Act,28-Apr-21
1852,Maharashtra,Kolhapur,Gadhinglaj,"Agriculture Development Trust, Baramati, Pune",Gaurinandan Farmer Producer Company Limited,U01400PN2021 PTC199918,Company Act,30-Mar-21
1853,Maharashtra,Kolhapur,Hatkanangle,StarAgri Warehousing and Collateral Management Limited,Warana River Farmers Producer Company Limited,U01100PN2021 PTC200030,Company Act,5-Apr-21
1854,Maharashtra,Kolhapur,Shirol,StarAgri Warehousing and Collateral Management Limited,Nimshirgaon Farmers Producer Company Limited,U01100PN2021 PTC199890,Company Act,26-Mar-21
1855,Maharashtra,Latur,Ausa,Grant Thornton Bharat LLP,Dattasai Farmer Producer Company Limited,U01400MH2021 PTC357655,Company Act,23-Mar-21
1856,Maharashtra,Latur,Nilanga,Grant Thornton Bharat LLP,Ansarwada Agronic Farmer Producer Company Limited,U01110PN2021 PTC199118,Company Act,4-Mar-21
1857,Maharashtra,Nanded,Dharmabad,Grant Thornton Bharat LLP,Chatrapati Sambhaji Maharaj Farmer Producer Company Limited,U01400MH2021 PTC357957,Company Act,25-Mar-21
1858,Maharashtra,Nanded,Kandhar,Grant Thornton Bharat LLP,Silver Leaf Farmer Producer Company Limited,U01100MH2021 PTC356829,Company Act,11-Mar-21
1859,Maharashtra,Nanded,Mukhed,Grant Thornton Bharat LLP,Shridhan Agro Producer Company Limited,U01111PN2021 PTC199475,Company Act,15-Mar-21
1860,Maharashtra,Pune,Baramati,"Agriculture Development Trust, Baramati, Pune",Baramati Agrostar Farmer Producer Company Limited,U01100PN2021 PTC198793,Company Act,22-Feb-21
1861,Maharashtra,Satara,Khandala,StarAgri Warehousing and Collateral Management Limited,Khandala Vikas Agro Producer Company Limited,U01100PN2021 PTC198919,Company Act,25-Feb-21
1862,Maharashtra,Satara,Patan,StarAgri Warehousing and Collateral Management Limited,Patan Taluka Farmers Producer Company Limited,U01100PN2021 PTC200052,Company Act,5-Apr-21
1863,Maharashtra,Washim,Karanja,Dr. Hedgewar Seva Samiti,Jay Shivray Farmer Producer Company Limited,U01400MH2021 PTC358187,Company Act,1-Apr-21
1864,Maharashtra,Washim,Malegaon,Dr. Hedgewar Seva Samiti,Malegaon Taluka Farmer Producer Company Limited,U01100MH2021 PTC357755,Company Act,24-Mar-21
1865,Maharashtra,Washim,Mangrulpir,Dr. Hedgewar Seva Samiti,Krushi Udyog Farmer Producer Company Limited,U01100MH2021 PTC357866,Company Act,25-Mar-21
1866,Maharashtra,Washim,Manora,Dr. Hedgewar Seva Samiti,Manora Parisar Farmer Producer Company Limited,U01400MH2021 PTC358056,Company Act,26-Mar-21
1867,Maharashtra,Washim,Risod,Krushi Vikas Gramin Prashikshan Sanstha,Navchaitanya Krushi Vikas Farmer Producer Company Limited,U01100MH2021 PTC358499,Company Act,7-Apr-21
1868,Maharashtra,Washim,Washim,Krushi Vikas Gramin Prashikshan Sanstha,Washim Krushi Vikas Farmer Producer Company Limited,U01100MH2021 PTC358993,Company Act,15-Apr-21
1869,Maharashtra,Yavatmal,Babulgaon,Environment Conservation Society (ECS),Laxmivandan Krishi Farmer Producer Company Limited,U01100MH2021 PTC360027,Company Act,6-May-21
1870,Maharashtra,Yavatmal,Yavatmal,Environment Conservation Society (ECS),Sarvanath Waghadi Farmer Producer Company Limited,U01110MH2021 PTC361066,Company Act,27-May-21
1871,Maharashtra,Nandurbar,Nandurbar,"Agriculture Development Trust, Baramati, Pune",Pandor Mata Aadivasi Farmers Producer Company Limited,U01100PN2022 PTC212691,Company Act,1-Jul-22
1872,Maharashtra,Nandurbar,Nawapur,"Agriculture Development Trust, Baramati, Pune",Pandori Yaha Aadivasi Farmers Producer Company Limited,U01100PN2022 PTC212372,Company Act,22-Jun-22
1873,Maharashtra,Solapur,Mohol,"Agriculture Development Trust, Baramati, Pune",Angarsiddha Agro Producer Company Limited,U01100PN2022 PTC212998,Company Act,12-Jul-22
1874,Maharashtra,Dhule,Dhule,"Agriculture Development Trust, Baramati, Pune",Dhule Taluka Agro Farmers Producer Company Limited,U01409PN2022 PTC212263,Company Act,20-Jun-22
1875,Maharashtra,Nashik,Malegaon,"Agriculture Development Trust, Baramati, Pune",Rajmata Jijau Women Farmer Producer Company Limited,U01100MH2022 PTC375560,Company Act,27-Jan-22
1876,Maharashtra,Nashik,Baglan (Satana),"Agriculture Development Trust, Baramati, Pune",Yashwantnagari Growers Producer Company Limited,U01100MH2022 PTC380611,Company Act,15-Apr-22
1877,Maharashtra,Pune,Indapur,"Agriculture Development Trust, Baramati, Pune",Indapur Taluka Agro Farmer Producer Company Limited,U01112PN2022 PTC209732,Company Act,28-Mar-22
1878,Maharashtra,Pune,Daund,"Agriculture Development Trust, Baramati, Pune",Daund Farmers Producer Company Limited,U01110PN2022 PTC212523,Company Act,27-Jun-22
1879,Maharashtra,Pune,Purandhar,"Agriculture Development Trust, Baramati, Pune",Purandar Agrostar Farmer Producer Company Limited,U01100PN2022 PTC209981,Company Act,31-Mar-22
1880,Maharashtra,Satara,Phaltan,"Agriculture Development Trust, Baramati, Pune",Future Phaltan Farmer Producer Company Limited,U01100PN2022 PTC212481,Company Act,24-Jun-22
1881,Maharashtra,Beed,Parli,Deendayal Research Institute,Rushi Chakrapani Farmer Producer Company Limited,U01100MH2022 PTC381429,Company Act,26-Apr-22
1882,Maharashtra,Beed,Kaij,Deendayal Research Institute,Krishi Parashar Farmer Producer Company Limited,U01100MH2022 PTC379389,Company Act,29-Mar-22
1883,Maharashtra,Beed,Dharur,Deendayal Research Institute,Lokopkar Farmer Producer Company Limited,U01100MH2022 PTC385961,Company Act,4-Jul-22
1884,Maharashtra,Beed,Wadwani,Deendayal Research Institute,Vidhaka Farmer Producer Company Limited,U01100MH2022 PTC382128,Company Act,6-May-22
1885,Maharashtra,Beed,Beed,Deendayal Research Institute,Krishishasan Farmer Producer Company Limited,U01100MH2022 PTC382085,Company Act,6-May-22
1886,Maharashtra,Beed,Manjlegaon,Deendayal Research Institute,Vishwavallabh Farmer Producer Company Limited,U01404MH2022 PTC380680,Company Act,18-Apr-22
1887,Maharashtra,Jalna,Ambad,Dr. Hedgewar Seva Samiti,Shivswarajya Shetkari Poducer Cmpany Limited,U01100MH2022 PTC382992,Company Act,20-May-22
1888,Maharashtra,Jalna,Badnapur,Dr. Hedgewar Seva Samiti,Bbf Jalna Farmers Producer Company Limited,U01100MH2022 PTC386183,Company Act,6-Jul-22
1889,Maharashtra,Jalna,Jafferabad,Dr. Hedgewar Seva Samiti,Kelna Agritech Producer Company Limited,U01100MH2022 PTC386809,Company Act,15-Jul-22
1890,Maharashtra,Jalna,Partur,Dr. Hedgewar Seva Samiti,Pralhadpur Agotech Producer Company Limited,U01100MH2022 PTC389564,Company Act,29-Aug-22
1891,Maharashtra,Jalna,Mantha,Dr. Hedgewar Seva Samiti,Agrowings Hi-Tech Producer Company Limited,U01409MH2022 PTC381272,Company Act,25-Apr-22
1892,Maharashtra,Latur,Latur,Dr. Hedgewar Seva Samiti,Krishiprabha Agro Farmers Producer Company Limited,U01100MH2022 PTC385888,Company Act,1-Jul-22
1893,Maharashtra,Latur,Renapur,Dr. Hedgewar Seva Samiti,Lord Venkateshwara Agrotech Proucer Company Limited,U01100MH2022 PTC388309,Company Act,8-Aug-22
1894,Maharashtra,Latur,Deoni,Dr. Hedgewar Seva Samiti,Chatratej Farmer Producer Company Limited,U01100MH2022 PTC392620,Company Act,25-Oct-22
1895,Maharashtra,Latur,Shirur-Anantpal,Dr. Hedgewar Seva Samiti,Vithu-Mauli Farmtec Hitech Agro Farmers Producer Company Limited,U01100MH2022 PTC389967,Company Act,6-Sep-22
1896,Maharashtra,Latur,Chakur,Dr. Hedgewar Seva Samiti,Chakurparisar Mahila Farmer Producer Company Limited,U01100MH2022 PTC384778,Company Act,17-Jun-22
1897,Maharashtra,Latur,Jalkot,Dr. Hedgewar Seva Samiti,Rashtrasant Agrotech Farmer Producer Company Limited,U01120MH2022 PTC390793,Company Act,20-Sep-22
1898,Maharashtra,Nandurbar,Talode,Dr. Hedgewar Seva Samiti,Sarvoday Hi-Tech Producer Company Limited,U01100MH2022 PTC375490,Company Act,25-Jan-22
1899,Maharashtra,Akola,Telhara,Environment Conservation Society (ECS),Wasuputra Farmer Producer Company Limited,U01100MH2021 PTC374038,Company Act,28-Dec-21
1900,Maharashtra,Akola,Patur,Environment Conservation Society (ECS),Jaisankatmochan Agro Producer Company Limited,U01100MH2021 PTC373191,Company Act,13-Dec-21
1901,Maharashtra,Yavatmal,Pusad,Environment Conservation Society (ECS),Krushinirmiti Farmer Producer Company Limited,U01409MH2021 PTC373147,Company Act,10-Dec-21
1902,Maharashtra,Hingoli,Kalamnuri,Vikasganga Samajsevi Sanstha,Durdarshan Farmer Producer Company Limited,U01100MH2021 PTC370704,Company Act,1-Nov-21
1903,Maharashtra,Hingoli,Sengaon,Vikasganga Samajsevi Sanstha,Kayadhu Krushi Samruddhi Farmer Producer Company Limited,U01113MH2022 PTC375749,Company Act,31-Jan-22
1904,Maharashtra,Yavatmal,Digras,Vikasganga Samajsevi Sanstha,Reshimgold Farmer Producer Company Limited,U01409MH2021 PTC372511,Company Act,30-Nov-21
1905,Maharashtra,Yavatmal,Arni - MH,Vikasganga Samajsevi Sanstha,Soyafarma Farmer Producer Company Limited,U01409MH2022 PTC375962,Company Act,2-Feb-22
1906,Maharashtra,Yavatmal,Zari-Jamani,Vikasganga Samajsevi Sanstha,Mrugazari Farmer Producer Company Limited,U01100MH2022 PTC378301,Company Act,10-Mar-22
1907,Maharashtra,Yavatmal,Maregaon,Vikasganga Samajsevi Sanstha,Soyagold Farmer Producer Company Limited,U01100MH2021 PTC373938,Company Act,24-Dec-21
1908,Maharashtra,Yavatmal,Ghatanji,Vikasganga Samajsevi Sanstha,Cottongold Farmer Producer Company Limited,U01100MH2021 PTC373601,Company Act,20-Dec-21
1909,Maharashtra,Wardha,Arvi,Vikasganga Samajsevi Sanstha,Greenvishva Farmer Producer Company Limited,U01409MH2022 PTC378933,Company Act,23-Mar-22
1910,Maharashtra,Wardha,Karanja,Vikasganga Samajsevi Sanstha,Wardha Karanja Mh Farmer Producer Company Limited,U01100MH2021 PTC368315,Company Act,28-Sep-21
1911,Maharashtra,Chandrapur,Chimur,Vikasganga Samajsevi Sanstha,Mrudhani Farmer Producer Company Limited,U01404MH2021 PTC373062,Company Act,9-Dec-21
1912,Maharashtra,Ahmednagar,Sangamner,Vikasganga Samajsevi Sanstha,Kolwade Parisar Shetkari Producer Company Limited,U01409MH2022 PTC389073,Company Act,23-Aug-22
1913,Maharashtra,Ahmednagar,Rahta,Vikasganga Samajsevi Sanstha,Sindhutai Shetkari Mahila Producer Company Limited,U01100MH2022 PTC389692,Company Act,31-Aug-22
1914,Maharashtra,Ahmednagar,Shrigonda,Vikasganga Samajsevi Sanstha,Shrigonda Natural Growers Farmer Producer Company Limited,U01110PN2022 PTC214477,Company Act,5-Sep-22
1915,Maharashtra,Ahmednagar,Parner,Vikasganga Samajsevi Sanstha,Parner Farmer'S Pride Producer Company Limited,U01100PN2022 PTC215552,Company Act,18-Oct-22
1916,Maharashtra,Nashik,Igatpuri,Vikasganga Samajsevi Sanstha,Vaitarna Organic Farmers Producer Company Limited,U01100MH2022 PTC392362,Company Act,19-Oct-22
1917,Maharashtra,Nashik,Nashik,"Vyakti Vikas Kendra, India",Sri Praneeti Farmers Producer Company Limited,U01100MH2022 PTC391595,Company Act,4-Oct-22
1918,Maharashtra,Nashik,Dindori,"Vyakti Vikas Kendra, India",Nehrai Farmer Producer Company Limited,U01409MH2022 PTC390519,Company Act,15-Sep-22
1919,Maharashtra,Yavatmal,Ralegaon,"Vyakti Vikas Kendra, India",Ralegaon Manav Vikas Farmer Producer Company Limited,U46301MH2023 PTC399657,Company Act,27-Mar-23
1920,Maharashtra,Amravati,Nandgaon Khandeshwar,"Vyakti Vikas Kendra, India",Sri Khandeshwaraja Farmers Producer Company Limited,U46301MH2023 PTC399187,Company Act,17-Mar-23
1921,Maharashtra,Pune,Mulshi,"Vyakti Vikas Kendra, India",Mulshi Vikas Farmer Producer Company Limited,U01100PN2022 PTC214432,Company Act,2-Sep-22
1922,Maharashtra,Akola,Akola,ITC Limited,Kusumagraj Farmer Producer Company Limited,U01111MH2022 PTC376943,Company Act,16-Feb-22
1923,Maharashtra,Akola,Patur,ITC Limited,Aayog Farmer Producer Company Limited,U01100MH2022 PTC376651,Company Act,11-Feb-22
1924,Maharashtra,Ahmednagar,Nevasa,ITC Limited,Bhavarth Farmers Producer Company Limited,U01100PN2022 PTC216083,Company Act,14-Nov-22
1925,Maharashtra,Amravati,Amravati,ITC Limited,Nirnayak Agro Producer Company Limited,U01409MH2022 PTC377457,Company Act,24-Feb-22
1926,Maharashtra,Amravati,Morshi,ITC Limited,Weight Farmer Producer Company Limited,U01100MH2022 PTC376966,Company Act,17-Feb-22
1927,Maharashtra,Amravati,Teosa,ITC Limited,Josa Shetkari Farmer Producer Company Limited,U01100MH2022 PTC376279,Company Act,7-Feb-22
1928,Maharashtra,Latur,Ahmadpur,ITC Limited,Mahesh Kalme Farmer Producer Company Limited,U01111MH2022 PTC376328,Company Act,8-Feb-22
1929,Maharashtra,Latur,Latur,ITC Limited,Sakshiladevi Farmer Producer Company Limited,U01100MH2022 PTC376705,Company Act,12-Feb-22
1930,Maharashtra,Latur,Shiradhol,ITC Limited,Dr Normen Borlog Agro Farmer Producer Company Limited,U01119MH2022 PTC377069,Company Act,18-Feb-22
1931,Maharashtra,Latur,Udgir,ITC Limited,Shri Sheshnath Farmer Producer Company Limited,U01100MH2022 PTC375890,Company Act,2-Feb-22
1932,Maharashtra,Nanded,Naigaon (Khairgaon),ITC Limited,Vajirgaon Farmer Producer Company Limited,U01100MH2022 PTC376469,Company Act,9-Feb-22
1933,Maharashtra,Nanded,Nanded,ITC Limited,Bokare Farmer Producer Company Limited,U01100MH2022 PTC376745,Company Act,14-Feb-22
1934,Maharashtra,Parbhani,Gangakhed,ITC Limited,Dr. M. S. Swaminathan Krushi Prakriya Producer Company Limited,U01100MH2022 PTC375257,Company Act,21-Jan-22
1935,Maharashtra,Parbhani,Parbhani,ITC Limited,Pokharni Krushi Utpadak & Prakriya Farmer Producer Company Limited,U01100MH2022 PTC375070,Company Act,18-Jan-22
1936,Maharashtra,Wardha,Deoli,ITC Limited,Mandavgad Parisar Farmer Producer Company Limited,U01100MH2022 PTC376840,Company Act,15-Feb-22
1937,Maharashtra,Wardha,Wardha,ITC Limited,Grreen Mine Farmer Producer Company Limited,U01100MH2022 PTC376743,Company Act,14-Feb-22
1938,Maharashtra,Washim,Risod,ITC Limited,Koyalikrushi Farmer Producer Company Limited,U01409MH2022 PTC377327,Company Act,23-Feb-22
1939,Maharashtra,Washim,Washim,ITC Limited,Degaon Vishnu Chavan Farmer Producer Company Limited,U01111MH2022 PTC376713,Company Act,12-Feb-22
1940,Maharashtra,Yavatmal,Babulgaon,ITC Limited,Karalgaon Farmer Producer Company Limited,U01119MH2022 PTC375382,Company Act,24-Jan-22
1941,Maharashtra,Yavatmal,Yavatmal,ITC Limited,Jamwadi Farmer Producer Company Limited,U01409MH2022 PTC375902,Company Act,2-Feb-22
1942,Maharashtra,Aurangabad - MH,Phulambri,ITC Limited,Ajantha Khore Women Farmers Producer Company Limited,U01100MH2022 PTC393734,Company Act,18-Nov-22
1943,Maharashtra,Akola,Barshitakli,ITC Limited,Sankul Agro Producer Company Limited,U01100MH2022 PTC387318,Company Act,21-Jul-22
1944,Maharashtra,Dhule,Shindkhede,ITC Limited,Kamkheda Sarthi Agri Producer Company Limited,U01409MH2022 PTC387719,Company Act,28-Jul-22
1945,Maharashtra,Jalgaon,Amalner,ITC Limited,Wadile Agro Producer Company Limited,U01100MH2022 PTC387338,Company Act,22-Jul-22
1946,Maharashtra,Jalgaon,Chopda,ITC Limited,Hunk Harvestar Agro Producer Company Limited,U01100MH2022 PTC387377,Company Act,22-Jul-22
1947,Maharashtra,Nandurbar,Talode,ITC Limited,Bayar Farmer Producer Company Limited,U01100MH2022 PTC387690,Company Act,20-Jul-22
1948,Maharashtra,Nandurbar,Nandurbar,ITC Limited,Patonda Farmer Producer Company Limited,U01111MH2022 PTC387495,Company Act,25-Jul-22
1949,Maharashtra,Washim,Malegaon,ITC Limited,Jaulka Farmer Producer Company Limited,U01100MH2022 PTC387870,Company Act,29-Jul-22
1950,Maharashtra,Amravati,Achalpur,ITC Limited,Pashankush Krushi Farmer Producer Company Limited,U01100MH2022 PTC388057,Company Act,2-Aug-22
1951,Maharashtra,Yavatmal,Arni - MH,ITC Limited,Kanhoba Mhasola Parisar Farmers Producer Company Limited,U01120MH2022 PTC387227,Company Act,21-Jul-22
1952,Maharashtra,Aurangabad - MH,Khuldabad,"Vyakti Vikas Kendra, India",Khultabad Samruddhi Farmers Producer Company Limited,U46301MH2023 PTC406762,Company Act,17-Jul-23
1953,Maharashtra,Aurangabad - MH,Vaijapur,"Vyakti Vikas Kendra, India",Sri Vaijapurkar Vikas Farmers Producer Company Limited,U01611MH2023 PTC400799,Company Act,12-Apr-23
1954,Maharashtra,Nagpur,Ramtek,"Vyakti Vikas Kendra, India",Shri Rajaramtek Farmers Producer Company Limited,U01611MH2023 PTC400555,Company Act,11-Apr-23
1955,Maharashtra,Gondia,Tiroda,"Vyakti Vikas Kendra, India",Sri Mawainganga Farmers Producer Company Limited,U46301MH2023 PTC399390,Company Act,21-Mar-23
1956,Maharashtra,Nanded,Bhokar,Myara Trade & Services Private Limited,Bhokar Gramin Agro Producer Company Limited,U01611MH2023 PTC398484,Company Act,4-Mar-23
1957,Maharashtra,Nanded,Biloli,Myara Trade & Services Private Limited,Karmaveer Bhaurao Agro Producer Company Limited,U01100MH2023 PTC398045,Company Act,20-Jan-23
1958,Maharashtra,Nanded,Deglur,Myara Trade & Services Private Limited,Three Ways Agro Producer Company Limited,U01100MH2023 PTC397307,Company Act,10-Jan-23
1959,Maharashtra,Nanded,Kinwat,Myara Trade & Services Private Limited,Padmanayaka Farmers Producer Company Limited,U01100MH2022 PTC394125,Company Act,24-Nov-22
1960,Maharashtra,Nanded,Loha,Myara Trade & Services Private Limited,Saroj Agro Producer Company Limited,U01112MH2022 PTC394447,Company Act,1-Dec-22
1961,Maharashtra,Nanded,Nanded,Myara Trade & Services Private Limited,Newtech Farmers Producer Company Limited,U01100MH2023 PTC396966,Company Act,6-Jan-23
1962,Maharashtra,Parbhani,Gangakhed,Myara Trade & Services Private Limited,Vishvabramhan Farmers Producer Company Limited,U01110MH2022 PTC393137,Company Act,7-Nov-22
1963,Maharashtra,Parbhani,Jintur,Myara Trade & Services Private Limited,Mainapuri Farmers Producer Company Limited,U01100MH2022 PTC393099,Company Act,4-Nov-22
1964,Maharashtra,Parbhani,Palam,Myara Trade & Services Private Limited,Shubhashish Agro Producer Company Limited,U01100MH2022 PTC394497,Company Act,2-Dec-22
1965,Maharashtra,Parbhani,Pathri,Myara Trade & Services Private Limited,Shiv Krushak Agro Producer Company Limited,U01100MH2022 PTC393646,Company Act,17-Nov-22
1966,Maharashtra,Satara,Man,"Agriculture Development Trust, Baramati, Pune",Maze Shivar Farmers Producer Company Limited,U46209PN2023 PTC218538,Company Act,11-Mar-23
1967,Maharashtra,Sangli,Valva-islampur,"Agriculture Development Trust, Baramati, Pune",Angarmala Shetkari Producer Company Limited,U01100PN2022 PTC216322,Company Act,22-Nov-22
1968,Maharashtra,Raigad,Tala,Taurionzeus Structures and Technologies Pvt. Ltd.,Talakisan Navkrishak Farmers Producer Company Limited,U01611MH2023 PTC403786,Company Act,29-May-23
1969,Maharashtra,Raigad,Uran,Taurionzeus Structures and Technologies Pvt. Ltd.,Mahaganpati Uran Farmers Producer Company Limited,U01611MH2023 PTC401260,Company Act,20-Apr-23
1970,Maharashtra,Raigad,Murud,Taurionzeus Structures and Technologies Pvt. Ltd.,Murud Janjira Farmer Producer Company Limited,U01500MH2023 PTC399570,Company Act,25-Mar-23
1971,Maharashtra,Raigad,Panvel,Taurionzeus Structures and Technologies Pvt. Ltd.,Shriraigad Agri Mission Navkrishak Farmers Producer Company Limited,U01611MH2023 PTC403788,Company Act,29-May-23
1972,Maharashtra,Raigad,Pen,Taurionzeus Structures and Technologies Pvt. Ltd.,Raigadpen Agro Navkrishak Farmers Producer Company Limited,U01611MH2023 PTC403394,Company Act,24-May-23
1973,Maharashtra,Raigad,Poladpur,Taurionzeus Structures and Technologies Pvt. Ltd.,Subhedarkrishivalla Poladpur Farmers Producer Company Limited,U01611PN2023 PTC221373,Company Act,12-Jun-23
1974,Maharashtra,Buldhana,Chikhli,Chhatrapati Shri Shivaji Maharaj Smarak Samiti,Chikhali Buldana Farmers Producer Company Limited,U01611MH2023 PTC402015,Company Act,29-Apr-23
1975,Maharashtra,Buldhana,Buldhana,Chhatrapati Shri Shivaji Maharaj Smarak Samiti,Krushividhata Agro Farmer Producer Company Limited,U01611MH2023 PTC405682,Company Act,30-Jun-23
1976,Maharashtra,Buldhana,Deolgaon Raja,Chhatrapati Shri Shivaji Maharaj Smarak Samiti,Rajai Agro Farmers Producer Company Limited,U01611MH2023 PTC402083,Company Act,1-May-23
1977,Maharashtra,Buldhana,Lonar,Chhatrapati Shri Shivaji Maharaj Smarak Samiti,Kamalja Mata Farmers Producer Company Limited,U01611MH2023 PTC400197,Company Act,5-Apr-23
1978,Maharashtra,Buldhana,Nandura,Chhatrapati Shri Shivaji Maharaj Smarak Samiti,Rbnandura Agrotech Farmer Producer Company Limited,U01611MH2023 PTC408176,Company Act,7-Aug-23
1979,Maharashtra,Jalgaon,Jamner,Chhatrapati Shri Shivaji Maharaj Smarak Samiti,Khandesh Sanvardhan Agro Farmer Producer Company Limited,U01611MH2023 PTC407635,Company Act,28-Jul-23
1980,Maharashtra,Jalgaon,Erandol,Chhatrapati Shri Shivaji Maharaj Smarak Samiti,Erandol Agro Farmer Producer Company Limited,U01611MH2023 PTC408292,Company Act,8-Aug-23
1981,Maharashtra,Bhandara,Lakhandur,Chhatrapati Shri Shivaji Maharaj Smarak Samiti,Gosekhurd Farmer Producer Company Limited,U01611MH2023 PTC401122,Company Act,19-Apr-23
1982,Maharashtra,Gadchiroli,Bhamragad,LTC Commercial Company Pvt. Ltd.,Babulai Farmers Producer Company Limited,U01639MH2024 PTC419467,Company Act,17-Feb-24
1983,Maharashtra,Gadchiroli,Sironcha,LTC Commercial Company Pvt. Ltd.,Dnyanjal Farmer Producer Company Limited,U01611MH2023 PTC411937,Company Act,11-Oct-23
1984,Maharashtra,Gondia,Arjuni Morgaon,Chhatrapati Shri Shivaji Maharaj Smarak Samiti,Navegaon (Arjuni) Farmer Producer Company Limited,U01120MH2023 PTC397811,Company Act,18-Jan-23
1985,Maharashtra,Raigad,Mahad,Chhatrapati Shri Shivaji Maharaj Smarak Samiti,Shivlanka Farmers Producer Company Limited,U01100MH2023 PTC397409,Company Act,11-Jan-23
1986,Maharashtra,Nanded,Himayatnagar,Chhatrapati Shri Shivaji Maharaj Smarak Samiti,Birsaseva Agro Farmer Producer Company Limited,U01611MH2023 PTC403999,Company Act,31-May-23
1987,Maharashtra,Nanded,Mahur,Chhatrapati Shri Shivaji Maharaj Smarak Samiti,Sade Teen Shaktipeeth Agro Farmer Producer Company Limited,U01611MH2023 PTC401017,Company Act,18-Apr-23
1988,Maharashtra,Sindhudurg,Devgad,Krushijeevan Agro Farmer Producer Company Ltd.,Farmers Shack Producer Company Limited,U01639PN2023 PTC221620,Company Act,22-Jun-23
1989,Maharashtra,Thane,Ambarnath,Krushijeevan Agro Farmer Producer Company Ltd.,Ambarnath Taluka Farmers Producer Company Limited,U01118MH2023 PTC397018,Company Act,6-Jan-23
1990,Maharashtra,Thane,Bhiwandi,Krushijeevan Agro Farmer Producer Company Ltd.,Bhiwadi Taluka Farmers Producer Company Limited,U01100MH2023 PTC397154,Company Act,6-Jan-23
1991,Maharashtra,Thane,Kalyan,Krushijeevan Agro Farmer Producer Company Ltd.,Gorjeshwar Farmers Producer Company Limited,U01112MH2023 PTC397805,Company Act,18-Jan-23
1992,Maharashtra,Thane,Murbad,Krushijeevan Agro Farmer Producer Company Ltd.,Murbad Taluka Agro Farmers Producer Company Limited,U01110MH2022 PTC396339,Company Act,29-Dec-22
1993,Maharashtra,Amravati,Nandgaon Khandeshwar,Green Agrevolution Private Limited (DeHaat),Cultikrishak Farmer Producer Company Limited,U01619MH2024 PTC426180,Company Act,30-May-24
1994,Maharashtra,Aurangabad - MH,Vaijapur,Green Agrevolution Private Limited (DeHaat),Shylahrida Farmer Producer Company Limited,U01611PN2023 PTC221095,Company Act,31-May-23
1995,Maharashtra,Buldhana,Lonar,Green Agrevolution Private Limited (DeHaat),Jijaukrushnaikranti Farmer Producer Company Limited,U01611PN2023 PTC222724,Company Act,28-Jul-23
1996,Maharashtra,Palghar,Dahanu,Bayer CropScience Limited,Morsagara Dahanu Farmer Producer Company Limited,U01611MH2024 PTC426423,Company Act,3-Jun-24
1997,Maharashtra,Palghar,Mokhada,Bayer CropScience Limited,Wakichapda Farmer Producer Company Limited,U01611MH2025 PTC439954,Company Act,13-Feb-25
1998,Maharashtra,Palghar,Vikramgad,Bayer CropScience Limited,Vikramgarh Farmer Producer Company Limited,U01611MH2024 PTC421071,Company Act,11-Mar-24
1999,Maharashtra,Bhandara,Tumsar,Bayer CropScience Limited,Maa Gadhkalika Farmer Producer Company Limited,U01611PN2023 PTC226071,Company Act,1-Dec-23
2000,Maharashtra,Bhandara,Pauni,Bayer CropScience Limited,Mokhara Farmer Producer Company Limited,U01611MH2023 PTC400232,Company Act,6-Apr-23
2001,Maharashtra,Bhandara,Sakoli,Bayer CropScience Limited,Ekodi Bhumiputra Farmers Producer Company Limited,U01611MH2023 PTC403939,Company Act,31-May-23
2002,Maharashtra,Gondia,Goregaon,Bayer CropScience Limited,Bajartola Chopa Farmer Producer Company Limited,U01611MH2023 PTC411193,Company Act,26-Sep-23
2003,Maharashtra,Gondia,Amgaon,Bayer CropScience Limited,Krushishyam Farmer Producer Company Limited,U01611MH2023 PTC405153,Company Act,20-Jun-23
2004,Maharashtra,Gondia,Salekasa,Bayer CropScience Limited,Aai Ambabai Farmer Producer Company Limited,U01611MH2023 PTC407710,Company Act,31-Jul-23
2005,Maharashtra,Nagpur,Parsheoni,Bayer CropScience Limited,Upajivikakrishi Farmer Producer Company Limited,U01611MH2023 PTC410262,Company Act,12-Sep-23
2006,Maharashtra,Nagpur,Saoner,Bayer CropScience Limited,Upajivikakrishi Farmer Producer Company Limited,U01611PN2023 PTC225922,Company Act,28-Nov-23
2007,Maharashtra,Yavatmal,Pusad,Bayer CropScience Limited,Mitratvam Farmer Producer Company Limited,U01611MH2023 PTC412742,Company Act,25-Oct-23
2008,Maharashtra,Chandrapur,Warora,Bayer CropScience Limited,Gauralu Mahila Farmer Producer Company Limited,U01611MH2023 PTC404810,Company Act,13-Jun-23
2009,Maharashtra,Gadchiroli,Armori,Bayer CropScience Limited,Shionisangam Farmer Producer Company Limited,U01611MH2023 PTC405012,Company Act,19-Jun-23
2010,Maharashtra,Gondia,Arjuni Morgaon,Bayer CropScience Limited,Birsait Kisan Samruddhi Producer Company Limited,U01611MH2023 PTC402822,Company Act,12-May-23
2011,Maharashtra,Dhule,Sakri,Bayer CropScience Limited,Bahiramdev Farmer Producer Company Limited,U01611MH2024 PTC425865,Company Act,26-May-24
2012,Maharashtra,Latur,Renapur,Bayer CropScience Limited,Bhandarwadi Farmer Producer Company Limited,U01611PN2023 PTC221238,Company Act,5-Jun-23
2013,Maharashtra,Ratnagiri,Sangameshwar,Bayer CropScience Limited,Vilye Farmer Producer Company Limited,U01611MH2025 PTC440131,Company Act,15-Feb-25
2014,Maharashtra,Amravati,Dhamangaon Railway,ITC Limited,Anjansingi Parisar Organic Farmersproducer Company Limited,U01639MH2023 PTC400156,Company Act,5-Apr-23
2015,Maharashtra,Dhule,Dhule,ITC Limited,Bhadane Agro Producer Company Limited,U01639MH2023 PTC408935,Company Act,20-Aug-23
2016,Maharashtra,Dhule,Shirpur,ITC Limited,Tapisampada Agro Producer Company Limited,U01619MH2023 PTC410789,Company Act,18-Sep-23
2017,Maharashtra,Jalgaon,Dharangaon,ITC Limited,Krushisangam Agro Producer Company Limited,U01639MH2023 PTC412889,Company Act,27-Oct-23
2018,Maharashtra,Jalgaon,Jalgaon,ITC Limited,Leaftip Farmer Producer Company Limited,U01619MH2024 PTC422441,Company Act,29-Mar-24
2019,Maharashtra,Jalgaon,Parola,ITC Limited,Shivekata Farmer Producer Company Limited,U01619MH2023 PTC410269,Company Act,12-Sep-23
2020,Maharashtra,Latur,Nilanga,ITC Limited,Masalga Parisar Farmer Producer Company Limited,U01639MH2023 PTC408473,Company Act,10-Aug-23
2021,Maharashtra,Parbhani,Manwath,ITC Limited,Raul Mangrul Parisar Farmer Producer Company Limited,U01619MH2024 PTC416967,Company Act,9-Jan-24
2022,Maharashtra,Parbhani,Purna,ITC Limited,Kanchaneshwar Parisar Agro Producer Company Limited,U01639MH2023 PTC408406,Company Act,10-Aug-23
2023,Maharashtra,Wardha,Arvi,ITC Limited,Aaryu Farmer Producer Company Limited,U01639MH2024 PTC435764,Company Act,29-Nov-24
2024,Maharashtra,Yavatmal,Kalamb,ITC Limited,Neminath Farmer Producer Company Limited,U01639MH2023 PTC410170,Company Act,11-Sep-23
2025,Maharashtra,Nandurbar,Akkalkuwa,ITC Limited,Dipbhushan Agro Producer Company Limited,U01639MH2024 PTC435491,Company Act,27-Nov-24
2026,Maharashtra,Buldhana,Sangrampur,ITC Limited,Marod Agro Farmer Producer Company Limited,U01619MH2024 PTC435215,Company Act,21-Nov-24
2027,Maharashtra,Washim,Malegaon,ITC Limited,Tiwali Richland Farmer Producer Company Limited,U01409MH2022 PTC376926,Company Act,16-Feb-22
